Timestamp,Signal Strength (dBm),SNR,Call Duration (s),Environment,Attenuation,Distance to Tower (km),Tower ID,User ID,Call Type,Incoming/Outgoing,Transmitted Data (MB),Noise (dB)
2022-01-03 17:46:13,-84.11976310200815,25.94008182537916,1713.800549637367,urban,14.690437631573936,2.2431763646784875,5,25,data,incoming,27.483570765056164,101.0698995536711
2022-01-04 17:29:31,-87.80613082769133,15.937353981909514,345.3718482753162,home,6.213698113914888,5.002566499850833,3,22,voice,incoming,24.308678494144075,99.43835975154585
2022-01-05 17:14:01,-116.57517559649536,14.709384279652598,259.28504348174,open,4.494414965543465,8.70597353220433,2,5,voice,incoming,28.23844269050346,98.89515200233389
2022-01-06 16:02:29,-82.96118290338804,21.727165092903093,357.9740044258497,home,7.619957473003842,7.427024550141175,5,33,data,outgoing,32.61514928204013,103.07083350021712
2022-01-07 22:19:17,-85.0125741094262,26.058158432953675,398.0067158466874,urban,10.655158827058182,0.6120705114033131,5,8,voice,outgoing,23.829233126383322,103.78753855023652
2022-01-08 22:31:42,-98.61869164428356,20.606737743653778,1795.175137247767,urban,5.6222017802995605,4.702561102314434,6,42,data,outgoing,23.8293152152541,97.34749426194736
2022-01-09 20:39:41,-74.13939861968873,15.5331437972844,230.320247372711,suburban,7.636230350561551,1.667293216394791,1,74,voice,outgoing,32.896064077536955,97.1209087967766
2022-01-10 22:03:26,-50.2353309640384,23.89898280626277,462.112568411595,open,0.4410286751451692,1.165778847849025,7,16,data,incoming,28.837173645764544,98.62474151424178
2022-01-11 10:15:37,-70.10307339933556,20.07036982051686,1697.4233652739802,suburban,5.298498383423487,7.678126244811597,8,7,voice,outgoing,22.65262807032524,90.0
2022-01-12 13:31:29,-97.60056368567882,23.43781426037233,1311.0665263832998,home,1.2358944054824297,4.97204879537076,8,74,data,incoming,27.712800217929825,92.42404468900725
2022-01-13 15:20:05,-99.65173578835208,14.244070706570222,857.8459629774544,open,0.757706452627534,9.157530851305824,9,62,voice,incoming,22.682911535937688,106.83437133722262
2022-01-14 19:10:19,-78.58596219136132,17.391786266451263,683.852621016365,suburban,5.586920112176554,7.869592628248416,3,54,voice,incoming,22.671351232148716,108.22483856750642
2022-01-15 09:16:33,-105.47420540353248,24.770495713434777,1767.7981249508794,urban,7.515345926308875,5.6941897976390665,8,29,voice,incoming,26.20981135783017,98.75481980221811
2022-01-16 23:40:20,-77.20348668088874,23.317864044244725,1623.7836866160378,urban,5.943238443676205,7.32865565679205,8,87,data,incoming,15.43359877671101,102.88278481527882
2022-01-17 12:50:56,-87.95391151071044,11.221927435054395,20.745315157921773,home,3.776850554101944,8.155694399272978,4,17,voice,outgoing,16.375410837434835,101.55625077271768
2022-01-18 16:55:51,-82.29876477976542,19.01832920768344,1682.7143124912118,home,1.430581907477051,6.0510868156456254,6,80,data,outgoing,22.188562353795135,115.3944040422762
2022-01-19 22:10:01,-105.5434977960247,15.615904821990414,1225.434851899682,open,0.8270545719491995,3.069405889534853,5,50,voice,outgoing,19.93584439832788,105.59787455717289
2022-01-20 16:09:23,-65.74131849324084,17.95167180422286,1468.4355584012694,suburban,6.182044099152207,8.178400400329833,3,91,data,incoming,26.571236662976368,99.36041204259617
2022-01-21 10:22:24,-93.13557135870316,19.60571147308169,195.65780928967968,suburban,5.764449112725268,2.883908464110845,2,33,data,incoming,20.459879622393945,95.22229779699788
2022-01-22 13:27:28,-77.06992051512952,24.83016111878459,1724.037013601456,open,2.5196512620879363,6.0149144221724695,2,29,data,incoming,17.938481493323543,91.96776839871214
2022-01-23 21:14:52,-79.61500354357302,12.21027260457321,1362.3000068955207,open,3.78758676988955,0.4825983134916112,6,7,data,incoming,32.32824384460777,101.01731817933612
2022-01-24 14:07:07,-103.437033340852,20.88623753386485,1710.1123971801223,urban,7.076121129290268,9.794610306015878,6,19,voice,incoming,23.871118497567323,96.21824627357849
2022-01-25 23:41:38,-98.46730809534776,12.60994798229584,1522.650424923322,home,9.623116501757204,5.211485636232896,7,98,data,incoming,25.33764102343962,92.88873145201163
2022-01-26 12:26:58,-90.87582011568584,20.04625995405288,1212.1303972576336,open,2.615959361567847,8.052938277189178,7,23,voice,outgoing,17.87625906893272,96.76713557878736
2022-01-27 18:02:14,-69.98998147792403,25.990407545480107,381.225894648202,suburban,2.4427395319416294,7.118560695535328,6,94,voice,incoming,22.278086377374088,94.59225998192802
2022-01-28 09:48:25,-104.26052950164336,26.207665314169247,1260.8300650435822,suburban,4.346362572566047,3.932568507365477,9,88,voice,outgoing,25.55461294854933,108.43570817536282
2022-01-29 21:06:27,-75.8560580448018,16.63521937285702,1352.4165753562936,home,8.029151157703922,1.640878908897131,10,85,data,incoming,19.245032112888488,104.40819878474726
2022-01-30 10:17:39,-107.0556421033829,29.2124955764907,1342.5736108410415,urban,6.7132741125845445,8.44657437075221,4,17,data,outgoing,26.87849009172836,99.96013679341691
2022-01-31 09:46:42,-118.24398210046353,28.49208687805084,879.0474997225928,open,0.3474630451227439,9.785868635479916,4,83,voice,outgoing,21.996806550405974,107.39972069445012
2022-02-01 14:55:16,-72.44270204129703,13.058615219522686,1203.8620047913537,suburban,7.677539185031201,2.180204112101313,10,11,data,outgoing,23.541531251033618,100.38684153823809
2022-02-02 21:00:38,-75.03762589844747,29.515160243709023,1219.1516923886952,suburban,3.410334399970502,8.28782224035998,8,94,data,incoming,21.991466938853016,95.69357899335868
2022-02-03 17:50:53,-101.14532091023707,14.02888914350346,1100.392666542835,urban,5.365221853027887,5.234056440002609,2,48,data,incoming,34.26139092254469,107.61562038634828
2022-02-04 20:19:42,-82.24961791064764,22.244022449726103,1388.0202117043816,open,0.9533606225921636,2.997988071823681,8,50,voice,incoming,24.93251387631033,102.69455021842329
2022-02-05 11:49:54,-74.35762808843646,17.11528324878505,1274.602147744645,home,5.674504106025335,1.294108526545359,10,38,data,incoming,19.711445355220498,94.81376922836772
2022-02-06 13:17:38,-101.52635007015752,16.19675727965015,82.79986878014869,urban,10.081126377312913,1.179914909916422,10,43,data,incoming,29.112724560515943,99.04830660958196
2022-02-07 14:06:51,-77.37150393681749,19.33172517993757,802.2429750148929,urban,10.8013199769572,9.9164959450231,1,52,data,outgoing,18.895781750144888,95.62190873307621
2022-02-08 18:19:19,-61.198388282269605,22.80750063543298,1186.6786012815994,home,5.737541325601415,5.183831015495599,9,55,data,incoming,26.044317975023777,93.08600134517832
2022-02-09 18:39:40,-73.69277248463221,27.63613404853547,144.3390056701615,home,5.605665192661624,2.732693789806113,10,69,voice,incoming,15.201649380601122,104.63088773765821
2022-02-10 12:36:12,-101.16083838561872,25.36936945129624,1016.4125016482752,urban,8.517309246860991,8.162018501948458,3,75,data,incoming,18.359069755507846,109.54708320235065
2022-02-11 20:10:56,-88.90416399969364,21.722730997249023,848.7654221767131,home,6.6880745267463695,0.0443175814745377,2,22,data,outgoing,25.984306179345616,93.00716213090429
2022-02-12 16:57:52,-91.09920855562412,22.17097699337013,1586.3382980507934,suburban,3.130207150753936,3.095128823222653,7,65,voice,incoming,28.692332899977053,102.81484618345286
2022-02-13 10:06:58,-95.38048884404368,28.45605490258848,1736.682979879521,urban,14.481916729552786,5.187183991664528,6,62,data,outgoing,25.85684140594985,96.74678715439086
2022-02-14 21:28:29,-100.46909253434532,10.683836611039048,444.901039551636,urban,14.563906357626838,0.8700910984289767,7,97,data,outgoing,24.421758588058797,97.56437308117651
2022-02-15 19:28:45,-81.37123921731919,16.848005958086535,233.7628171511816,suburban,7.771899147609073,5.083037618525525,8,44,voice,incoming,23.494481522053555,97.03803037880566
2022-02-16 21:47:35,-88.39374508436272,29.32576764755241,1029.8503454186568,urban,6.445711959636041,9.57451972297596,10,59,data,outgoing,17.607390048162863,95.68004615160092
2022-02-17 23:26:05,-86.02447006588483,13.721684022513251,669.8673536925911,suburban,6.487383455161797,9.791714168458048,6,46,voice,outgoing,21.400778958026457,100.24260813972414
2022-02-18 14:00:53,-78.15098887550064,19.62137463920682,308.5179215689985,urban,11.06129800871058,1.5262072458399167,9,5,voice,outgoing,22.696806145201062,95.84524941794481
2022-02-19 11:12:30,-85.22998593082374,18.632744157591183,1681.2613831720223,urban,6.176070540577658,8.46701844552558,2,56,voice,incoming,30.285611131094576,101.3522841288992
2022-02-20 21:56:55,-66.3432863063927,18.74950369860335,1228.472169440995,suburban,6.65883283292279,2.4185979191620346,5,70,voice,incoming,26.71809144784231,99.74880945275432
2022-02-21 11:57:38,-76.10217418944407,16.753993657736572,990.7643925411536,suburban,6.77355344832601,3.2248431610465422,5,63,data,outgoing,16.18479922318633,98.80525976566796
2022-02-22 13:43:43,-78.31107501666389,11.646870826394082,238.009977582803,suburban,3.1685817209058413,3.0462751713749614,9,68,voice,outgoing,26.620419846973974,95.462181689792
2022-02-23 10:09:38,-61.2055665314992,11.973081499727572,1355.8511025619807,open,1.1624505737761033,6.817464582244584,5,61,data,outgoing,23.074588597918417,97.11614334715834
2022-02-24 19:12:29,-98.42455882111332,24.771415599612634,438.67682915730336,suburban,3.205934018133732,0.9268302013156072,4,71,voice,outgoing,21.615389998470206,103.77695612912878
2022-02-25 22:51:47,-102.32830312723736,27.268350270112844,1229.1735453934464,urban,10.646940756617555,8.12378180494959,7,93,data,outgoing,28.05838144420434,102.5045859381219
2022-02-26 10:27:44,-59.47451786592804,21.86211458901105,17.522078205154635,open,0.2513840426869124,3.513287480936481,7,93,voice,incoming,30.154997612479754,95.11222377600724
2022-02-27 14:36:46,-98.84920512090603,29.00915710154592,325.5599600016207,home,6.846613599929117,5.58878350612904,10,68,data,outgoing,29.656400595580994,100.49666152714613
2022-02-28 14:45:30,-104.77613166997097,25.81919576627257,701.4510880742823,suburban,5.719200098909499,8.589909211767674,5,28,data,incoming,20.803912383886807,103.75693561685894
2022-03-01 16:31:56,-60.80616562049556,10.9153248431361,347.1685768649804,home,9.50999678669664,1.1757566864658977,5,89,data,incoming,23.453938120743928,91.65297359439315
2022-03-02 18:03:46,-88.72215861628932,17.95387450251028,1776.0949198393782,urban,9.030005545557842,9.595301622922358,7,55,data,outgoing,26.65631715701782,102.71680096189968
2022-03-03 19:23:14,-83.72723166849327,21.07856998006503,661.5770812831814,suburban,5.3508085503241904,6.4055686051626415,8,13,data,outgoing,29.877725635611796,96.68688120527077
2022-03-04 15:54:50,-62.02050419866656,10.823249706403391,707.1805573092557,home,7.079709015216643,4.6557297574568,10,86,voice,incoming,22.60412881077355,102.8529933429658
2022-03-05 21:44:39,-88.87930343110173,17.581208931985145,692.2387317943598,suburban,7.870568749557331,8.624397570902913,6,85,data,outgoing,24.071705116680914,96.18370421728741
2022-03-06 11:38:57,-69.03867507878809,16.586848378051222,1059.8979191089695,suburban,4.623126025703602,4.531494188567042,6,75,voice,incoming,19.46832512996986,90.9755894966774
2022-03-07 10:32:30,-92.96402741595142,20.327047269259804,502.6969033212943,home,2.135533019681368,4.246136911482601,6,79,voice,incoming,19.018966879596647,91.86228781058419
2022-03-08 14:33:16,-100.57761893232876,19.547174090574305,535.9916430624907,urban,7.898650165574105,4.0278417925441925,5,35,voice,incoming,29.062629111970992,100.24042473330691
2022-03-09 21:22:21,-99.29704167332692,14.378146839543838,685.4682572605311,open,0.1179040329059488,1.9804259464751528,4,55,data,incoming,31.781200142854114,101.2986125086074
2022-03-10 23:17:02,-97.26072599224398,11.68833219695368,1116.7430736629294,suburban,3.955384952338425,8.438962050007044,1,42,voice,outgoing,24.63994939209833,95.47841687447796
2022-03-11 15:25:58,-93.00180867743452,22.012723499963304,1105.418463085665,home,3.518006304368738,7.827526352584563,7,2,data,incoming,30.01766448946012,103.19296229388686
2022-03-12 19:17:54,-69.38773601865086,23.00191405678128,257.13347100732483,open,4.605707063274394,0.485140029673673,6,54,data,incoming,26.80818012523817,91.6923996886552
2022-03-13 22:04:17,-82.62276202996725,19.866866226307472,1142.4170681196038,suburban,3.978463038470141,6.958826113736151,2,62,voice,incoming,21.77440122697438,99.66960100676341
2022-03-14 18:43:36,-91.53953879276872,23.8285369798767,940.72493402505,open,0.8710648844989294,0.02637459081546,4,72,data,incoming,26.80697802754207,93.94491900118771
2022-03-15 11:08:35,-88.64095394651869,17.0134636171514,655.3385479958137,urban,13.73557832176592,1.046168508925044,8,78,data,outgoing,32.690182832329846,96.7408194609892
2022-03-16 10:37:54,-92.4574986810698,12.671226149583523,892.0220760436379,urban,11.193102424984726,8.837936617947097,2,98,data,incoming,24.820869804450243,100.23699335658208
2022-03-17 14:08:32,-71.92983501383064,21.4668230840596,1517.5707759234897,home,0.0703883927089366,7.185333717645762,8,78,data,outgoing,32.82321827907003,95.69793317358024
2022-03-18 09:54:11,-86.53983173286814,17.69269336023174,557.1763118437572,home,5.423128972155147,3.7609749419000815,3,81,data,incoming,11.901274479551278,98.07722227885087
2022-03-19 20:52:57,-107.75730021149408,21.38041404364733,1763.0656918651644,urban,10.679573945416353,6.081070853052857,3,28,data,incoming,29.10951252187612,105.0314640460722
2022-03-20 21:47:22,-97.6192284488612,19.192166262772904,465.3072332578848,home,4.434110929952212,4.674654526061282,6,64,voice,incoming,25.435235341190857,97.11554065238425
2022-03-21 11:46:59,-104.1384854866582,21.40428257955193,1297.6040106768726,suburban,7.135752810542367,6.673711261634495,6,36,voice,incoming,23.504963247670663,104.1784605603257
2022-03-22 23:04:15,-81.3745473928283,19.584328384380346,1164.2132402073803,home,1.743392140340263,8.078340298824342,2,28,voice,incoming,25.45880388267751,94.35146572671191
2022-03-23 09:22:00,-65.73358428684793,22.82693587576491,1289.0761949024163,open,4.348578751919351,4.288155972282075,7,3,data,outgoing,15.062155426995536,102.64902088957642
2022-03-24 16:10:05,-81.33985390412201,24.59211264217329,337.7853640914429,urban,9.531211071048151,3.476847809497965,5,65,voice,incoming,23.90164056081244,107.2078431032895
2022-03-25 10:23:08,-82.63143613353584,22.51461127136627,285.4059359231822,home,0.5020621517893409,4.8079636756401385,5,74,data,outgoing,26.78556285755873,90.0
2022-03-26 19:45:50,-74.79218040222769,21.8200139683244,1610.6360363961278,home,9.205187734140273,0.8333393855305071,2,24,data,outgoing,32.38947022370758,96.01552372264761
2022-03-27 18:13:10,-82.60121772239026,11.851344954730964,262.6355054445957,open,1.6738358973900254,3.0554406600328288,2,2,data,outgoing,22.40864890863176,102.8853606359027
2022-03-28 13:34:38,-93.13390122128033,15.94990031777587,165.71090922691064,urban,8.326742859345856,6.519061927304106,8,31,voice,outgoing,20.95753198553406,98.98477306978504
2022-03-29 16:37:56,-76.37347333839278,21.777187520198204,40.09367552711432,open,4.446868639873265,5.984445841156734,8,89,data,outgoing,22.491214782077318,101.85572936685655
2022-03-30 12:43:52,-61.22531729841613,20.90203082629941,556.7830536335883,home,7.156368279873645,0.5281869135263784,10,57,voice,outgoing,29.57701058851037,96.9800740664209
2022-03-31 11:58:05,-99.3416256226226,14.182132549729817,707.8186081168882,open,3.589069478092741,8.504211683745549,7,50,voice,outgoing,26.643755548298422,100.4329489373645
2022-04-01 09:33:14,-101.81543856989995,12.331785094522818,110.157120894563,suburban,2.387412680122045,7.610941938493013,10,78,data,outgoing,22.351198981164806,99.2216138230396
2022-04-02 19:03:47,-60.57304009827424,21.74116935159894,822.954598410023,home,8.025506365185272,2.44001473792924,3,81,voice,outgoing,27.56633716556678,105.83891030829903
2022-04-03 10:49:29,-89.36898241217573,25.999935507300123,854.2809877934926,home,6.67357664088629,7.130467004934991,5,51,data,outgoing,25.4853877467402,101.27210421650607
2022-04-04 18:47:00,-101.73841721090504,29.4134179674396,1193.3055190947962,urban,5.333481337923597,5.665637886780674,4,14,voice,outgoing,29.843224952664446,101.68801331037601
2022-04-05 14:59:46,-98.8774905431537,28.21214228544069,235.83937089868763,home,5.478068220172042,0.4290482930507222,10,7,voice,outgoing,21.489734530613237,97.94061516938767
2022-04-06 22:28:08,-101.6580536731134,25.82563211616573,364.1834153047793,suburban,2.004266469074362,5.576214264213705,2,37,voice,incoming,23.361689267011158,97.56196887963753
2022-04-07 15:49:57,-73.27516619930715,25.70085331868333,1554.704910100278,home,3.901587917375664,4.863201029030271,3,40,data,incoming,23.039459234339212,97.8372090609019
2022-04-08 22:25:19,-96.82783650131005,26.600636448305373,724.9500148200858,suburban,3.106440349121353,8.90123113184978,2,92,data,outgoing,17.682425259339407,101.97226071189148
2022-04-09 14:38:50,-77.52882026460455,24.40024167382225,1136.8628702368835,urban,7.14124504029603,2.14836775999332,2,24,data,outgoing,26.48060138532288,97.89507759589868
2022-04-10 14:19:14,-60.73613825970712,14.32144958427758,478.2679763482078,open,4.6729351984292204,1.4251760775850464,9,86,data,incoming,26.305276360899448,101.44887428448206
2022-04-11 10:28:40,-98.04337847196538,19.3917002037058,1128.4759075305506,suburban,3.600125330804256,3.7002294938249913,9,35,voice,incoming,25.025567283212304,110.37700399322719
2022-04-12 12:03:16,-95.64511149381512,13.446884870854202,241.08877017416967,open,1.6627762037117018,8.353252134201647,10,45,voice,incoming,23.827064333124266,104.35562351715846
2022-04-13 17:27:50,-84.29650984237152,27.074460751633417,362.1001927013352,urban,6.452742865088562,5.903976811985475,5,23,data,outgoing,17.92314628974793,98.3698823391608
2022-04-14 20:04:31,-64.03380478535561,22.90643085746757,1259.9100500849538,home,0.3067174136623662,3.620939070803182,2,88,data,outgoing,22.896773386173205,106.00606961081972
2022-04-15 09:17:30,-98.74020628279196,14.700379345737646,608.4925536089656,open,0.2773715761747769,5.444583567746975,4,65,data,outgoing,23.286427417366152,97.95962313489224
2022-04-16 10:00:54,-57.99154816858528,13.974899928848483,1639.7686683859806,open,3.122959766346689,6.7499665686333685,3,1,data,incoming,20.988613653891903,90.0
2022-04-17 23:11:52,-76.73659285527972,23.14461986229284,919.4334141997208,suburban,6.750954329357225,8.7557138576882,5,99,data,incoming,24.193571441669953,94.95956844541298
2022-04-18 20:03:11,-69.65237664719103,27.347707425430464,1759.834569997908,home,6.482540665242284,2.9545349520959463,7,38,data,incoming,27.020254284072692,90.64604039487072
2022-04-19 19:39:20,-111.56901882275191,16.556455225124395,522.4017320892704,open,3.13137255992298,0.5160718051399626,5,10,voice,incoming,34.43092950605265,98.24243257979346
2022-04-20 18:25:29,-79.68016595707742,28.091547752407827,793.4989181061451,suburban,6.68754855859078,4.574777466423507,3,69,voice,incoming,25.872889064159196,100.09209189594776
2022-04-21 15:29:36,-81.44884488404233,12.673076746555411,171.46277020262266,urban,13.40337395224608,4.397578491186942,3,73,data,outgoing,26.28775195361382,108.38218656137641
2022-04-22 19:35:46,-79.99589216292601,13.475090687620131,235.9812676813213,suburban,3.439413030343077,3.645117106144737,2,66,voice,outgoing,24.627770421169163,101.63463686882082
2022-04-23 17:32:57,-78.78338338419,11.650995348661272,198.61771669906253,home,6.216301929001727,3.4697688842912457,7,36,voice,outgoing,15.406143923504793,98.90449735595568
2022-04-24 18:43:58,-97.39547905344968,16.912029042450804,385.9962420100853,home,1.9393847808476672,9.344055738127972,9,53,voice,incoming,24.867430622753915,104.14702790591744
2022-04-25 22:29:45,-105.76223420263187,15.021858149895367,1153.8006486594809,urban,8.155977065715025,9.745104455627269,6,52,data,incoming,25.301151049705133,90.0
2022-04-26 09:55:24,-90.74282173579174,23.34280758098993,494.1241003560705,urban,12.671942613306292,1.935766733956081,6,5,voice,incoming,37.316210562426434,101.17807279054283
2022-04-27 17:53:25,-76.0695286407024,23.16762763542492,975.8359951838102,home,0.4950036707807992,0.8005558565813442,7,52,data,incoming,24.038195176094387,103.85432596943484
2022-04-28 16:56:21,-72.65667708549753,29.963213447743684,1137.433992895655,urban,9.835978504091356,7.742375468422966,4,75,data,outgoing,26.507736711668063,92.60706877110078
2022-04-29 15:28:45,-84.23027629037531,16.969642457053205,689.4264695587444,open,1.1478561810153538,8.72538985805262,6,53,data,incoming,24.826441151473784,105.71877021603464
2022-04-30 19:45:12,-86.95392354082904,18.93112876928128,1444.9565575856063,open,3.1469605733004413,0.4233499941056973,3,66,voice,incoming,19.15660981190234,101.69248203747208
2022-05-01 16:32:26,-60.81244169757439,21.23717542677701,540.3969999288474,open,1.139190596378184,9.978742775566356,1,13,voice,incoming,30.714114072575104,97.923560430496
2022-05-02 20:30:01,-88.38204557676764,13.386952773387565,157.10005535090886,urban,6.766254548070014,2.7076978169117663,8,95,data,incoming,28.759665163433873,103.16390933053142
2022-05-03 16:51:03,-97.71157968129732,16.964323771336126,936.2662121857992,open,1.4917153705569708,7.01842140974292,6,67,voice,outgoing,28.955159735215233,111.35346428902199
2022-05-04 18:02:53,-68.16198129661224,11.65521357357342,1654.4496726718305,home,5.923418067810241,8.10690675159386,4,35,voice,outgoing,20.453062726026303,100.90933127529247
2022-05-05 19:26:41,-70.47332628753955,27.131908655879275,360.0775734135433,urban,5.669865413043192,8.191236034996654,1,30,data,incoming,32.013971554680495,101.24110293150169
2022-05-06 18:44:50,-81.202069853965,26.701286894781543,1655.2168121045495,open,3.6334643945707055,4.778108940774387,1,14,voice,outgoing,17.990744686038596,97.70319550229878
2022-05-07 20:34:11,-66.71057726914374,28.41205739896655,949.123833003118,suburban,7.267836174271235,5.0459200449598445,4,95,data,incoming,27.934285469001352,95.75077815267605
2022-05-08 13:57:51,-75.53773329649678,27.73286539678121,199.32269924511604,home,9.955632268883445,4.305758390036334,2,63,data,incoming,35.952278129049894,104.15167908272123
2022-05-09 22:10:50,-93.65922209643048,18.320766843069823,565.7387362673379,suburban,4.962832511315002,0.7528813781302346,7,4,data,incoming,20.04731837434656,95.71958087045566
2022-05-10 22:38:59,-66.37756196578788,11.734307029686583,569.6437857642303,open,1.2625005707640715,1.5131721830065248,1,90,voice,outgoing,22.16851135198614,100.35783118609696
2022-05-11 19:40:26,-115.25904426107056,18.8849635905069,1406.4332084164107,open,4.305183983306015,9.60576005052269,1,97,data,outgoing,25.498256825438204,97.61171276617442
2022-05-12 23:00:18,-69.4655016653087,12.330209795605072,395.41531996371566,suburban,7.06599187120286,5.084549035228481,1,44,data,outgoing,22.482621729419005,102.39489912873196
2022-05-13 19:16:32,-75.01558486756053,12.713415489822737,1617.823049391532,urban,6.1283116569449,9.15003414612962,7,6,voice,incoming,17.246682844669337,101.66831052643474
2022-05-14 14:17:55,-76.88160435128923,28.30605405398009,1558.656031564205,suburban,3.062224056346852,0.1305659540137937,4,99,voice,incoming,25.342814874030136,105.18769972128949
2022-05-15 16:44:21,-97.974458870865,27.082821881350995,1732.0677679575588,open,2.965235053646063,3.1219380273699,7,91,voice,incoming,19.688481431369475,97.44991800572626
2022-05-16 10:37:26,-97.18774018636388,18.97105473089164,221.79669840711952,urban,13.640795050447924,7.639943649039255,9,34,voice,incoming,27.36796215317591,98.65062532353315
2022-05-17 20:45:25,-98.80624610709415,11.089071133121925,690.5192855026216,urban,11.534570193636211,9.869545953082106,2,87,voice,incoming,20.402878828830985,95.10618142108846
2022-05-18 16:57:37,-108.95440130381893,22.06184731043413,201.04481822709465,urban,13.61690314687148,7.4693460553676285,2,83,data,incoming,32.7496720250877,97.77853369961944
2022-05-19 23:23:01,-87.25170384887157,20.67511318718644,1715.3227827892997,urban,12.404708299746252,7.81205207061618,9,81,voice,incoming,21.083733538318814,101.88650246522425
2022-05-20 19:48:36,-81.52732923729135,27.250128336335404,1633.6779503465862,home,7.904495907856561,5.479388142095049,7,47,data,incoming,23.38969241897162,103.78494308322676
2022-05-21 09:15:06,-90.17914789915768,13.574310246886949,1697.9795391541957,urban,13.469249782022615,8.669605999852706,8,78,voice,incoming,29.067586086848348,95.38917337911187
2022-05-22 15:42:25,-100.45582577202434,13.899958798484873,1435.55506213218,suburban,7.248440370171245,7.151927709355402,1,96,voice,outgoing,18.845678417830225,104.3480296005283
2022-05-23 20:18:17,-50.93375430192856,22.77754835182229,360.2183160071252,open,3.72042766736439,3.462686264440041,6,18,voice,incoming,26.137299673020646,106.77818929402476
2022-05-24 13:37:57,-74.34120379079991,15.165563870630816,1792.2576855978018,open,2.204060220790629,9.318956868442031,7,69,data,incoming,31.53571377141214,102.0671745161185
2022-05-25 18:46:57,-74.1303901735927,21.032955712772456,1533.5423319352365,home,7.331055581825387,8.521278384178501,6,81,data,outgoing,16.96258382719386,109.38397906279033
2022-05-26 17:40:09,-90.04954695496748,21.83069913678888,165.95350995149968,suburban,6.886260560413767,1.368024686076097,10,10,voice,outgoing,25.92316929266152,96.13105400448214
2022-05-27 19:05:02,-75.50646390353356,28.20097017789523,1639.983680610191,urban,7.55839737769044,0.7019505235384305,7,82,data,outgoing,26.299413971242117,93.77672648344291
2022-05-28 21:19:09,-83.56263177523901,26.342585138559755,926.5412443749284,home,9.984866425608065,0.6705480824116483,2,79,data,outgoing,28.90911435888655,91.10639875547861
2022-05-29 23:08:39,-64.82829277638515,11.675814720834506,400.479577820189,open,1.6210284219562945,0.2141512752649299,9,62,voice,incoming,18.81524644560959,107.48022155744592
2022-05-30 23:10:04,-73.03805235709416,21.007353143298094,1459.955372959667,home,8.92805103813949,5.158603337708914,9,67,data,incoming,18.397716934578618,103.27182828177028
2022-05-31 23:34:46,-90.11331729888992,21.24147985782532,928.6279676404192,suburban,2.514429540461836,7.533771131419538,8,70,data,outgoing,27.60970782808449,99.72207664544773
2022-06-01 10:51:20,-91.6226886564854,15.317138452383176,1787.067971863238,suburban,6.672030416292475,2.9234276602450526,7,94,data,outgoing,26.48492336616593,101.3998431315991
2022-06-02 10:00:26,-74.5024590817073,26.873108711034654,787.1409962907286,home,6.260734853701018,0.4041215839064305,2,50,voice,incoming,26.252464251729382,94.37255476350812
2022-06-03 14:09:51,-63.69718882190645,13.3624029183649,1022.9738529247112,home,0.8980705883913953,7.847777451393767,6,11,voice,incoming,26.732241047484877,112.22875989808414
2022-06-04 10:58:49,-70.77179769699704,12.69320603828086,1534.844026333981,home,7.360354611158351,4.652416918543382,3,24,data,outgoing,21.599876392107547,100.64610590987614
2022-06-05 14:04:40,-86.18588951454404,17.372193971066743,1499.4410831839327,home,8.821814726862973,3.9097208277766224,3,77,voice,outgoing,26.161268485805017,100.54697397302446
2022-06-06 16:13:59,-89.73438195933525,10.98148657614657,972.0957219227504,urban,13.012090832270976,3.175432658862916,6,28,data,incoming,26.465362366493405,103.62883311949346
2022-06-07 11:16:51,-85.26538811368843,23.1324688894931,957.0676756494756,home,9.209446742736814,1.1147738066582935,10,28,voice,outgoing,21.42824290986816,102.40504615868356
2022-06-08 18:56:10,-64.86466694154944,21.878372919461462,1492.9638069258554,open,2.266889819772764,8.5965309315276,6,81,data,incoming,34.328872555723784,101.11942012139566
2022-06-09 10:33:02,-92.31069011149236,27.59748725649072,1056.90810622321,suburban,7.470189780861536,8.787166402756863,10,50,voice,incoming,27.36916460455894,96.04762772277344
2022-06-10 15:13:25,-76.88270341230833,27.804971056879985,369.6382465550373,home,3.293392025672759,9.67301947972895,1,30,data,outgoing,19.043482513986756,102.35734178567998
2022-06-11 23:39:35,-103.12322721155113,17.3319957720756,47.51958117761998,urban,9.079620357245489,0.1207683662233805,4,95,voice,outgoing,28.28276804316915,109.41012248237517
2022-06-12 10:05:10,-87.33928524833516,12.087157479524944,1738.3801276552667,open,3.777709695565119,0.7038769037396564,8,83,voice,incoming,20.126591648863393,106.7271002307749
2022-06-13 20:13:30,-101.00210097333913,27.70276379159919,1625.43691364442,suburban,3.2292901410254995,8.950917132436219,7,38,voice,outgoing,28.93542301871226,107.96593313319698
2022-06-14 11:36:16,-83.02304709299848,21.0000849881541,559.3409402548988,urban,12.504612687102554,7.268370142985851,9,43,data,outgoing,30.79297789503702,97.44392161784407
2022-06-15 18:37:30,-95.48883435263562,22.87342940737195,1016.57085365952,home,5.944121107601667,4.824501362749794,9,27,voice,incoming,20.89658840824145,95.0519758987071
2022-06-16 21:22:23,-102.93200424868282,27.51338873162868,231.77766610391407,suburban,5.77905797944274,4.542857763058031,5,77,data,incoming,29.81688064622161,99.37106539950176
2022-06-17 11:42:00,-82.71881047039005,10.296910753500304,1117.031857082035,suburban,6.258502651054896,4.362613701836882,8,86,data,incoming,27.06390463468249,100.27862456144348
2022-06-18 14:24:05,-95.2292787508216,24.1611931647484,1424.990173262037,home,5.962228951390637,4.049953857121692,1,76,voice,incoming,29.11030079997245,105.47095759235474
2022-06-19 17:46:39,-82.00576548656841,19.64967463810453,418.2673958360908,home,2.4586102180920086,7.013327835219949,10,69,voice,incoming,34.48396491326974,91.5376768514259
2022-06-20 22:37:39,-107.45740894969416,11.354301914763075,176.8800237968416,open,2.0986769390369253,3.3264266851256785,8,2,data,incoming,23.773059419985646,107.64775159730307
2022-06-21 17:12:40,-92.63287328964536,17.642345246808883,1500.4580157712896,urban,11.045744119625493,7.240296887958704,8,86,voice,outgoing,21.23131917821255,99.20996050710505
2022-06-22 20:40:07,-74.73926817780125,18.336322082989348,1585.6282343509024,home,9.973612134520014,5.692739213810228,3,46,voice,outgoing,20.552427851872384,97.8655946502629
2022-06-23 12:49:02,-92.7310000504406,13.793579816353365,172.8872752708027,suburban,7.073748840192657,6.022468333731087,9,86,voice,outgoing,20.920948575172808,94.93947812369916
2022-06-24 15:13:21,-88.82249633512066,23.22883143568782,1633.928773797856,suburban,5.9975673121147,8.921705052709026,4,30,data,incoming,24.614491452929478,91.72571664067115
2022-06-25 20:45:05,-78.11860534270656,13.886960564801642,370.8930542420404,open,2.4461559885696618,2.037063281143631,6,70,data,incoming,26.70575987408322,104.11585291980957
2022-06-26 14:31:38,-77.91261034704203,14.805928551749345,580.5495416805695,open,0.6926599000600492,6.212882841268485,8,10,voice,incoming,26.383453996650097,100.36658983594202
2022-06-27 21:16:26,-100.32143931051692,24.09138982253762,710.8625698962859,urban,14.853736683907412,5.336569996836843,1,2,data,incoming,29.13591624518012,93.55019550129472
2022-06-28 11:57:05,-70.5482246951946,13.318533964109772,924.9633198308728,suburban,3.1938401127704856,1.414594137850825,7,4,data,incoming,25.065009459389536,93.52460613968192
2022-06-29 14:25:59,-90.77566857010692,11.838703327119154,1044.1144212187028,suburban,2.748805607468094,9.38258408049876,9,68,data,outgoing,32.26767038578659,98.32107650354936
2022-06-30 15:21:35,-69.55083123873638,17.9485866302565,1400.629637586041,open,1.822766041986565,8.8121671784111,1,70,data,outgoing,23.67671583381022,108.34510762644696
2022-07-01 10:39:19,-112.26033381394474,18.39157685601057,58.148009626072586,open,2.302857381549455,2.694367656330494,9,73,voice,incoming,38.600845832948096,98.70204324318198
2022-07-02 11:32:22,-63.07402237388867,20.477238822348248,918.4466864399226,home,9.528915938307334,0.5934154769357081,8,61,voice,incoming,28.12833673882503,92.48428523440947
2022-07-03 14:37:20,-87.50678181974334,20.836306160546258,1417.3721283767204,urban,6.494701246170184,1.838340543932817,2,16,voice,incoming,20.714212217918586,98.77128467957027
2022-07-04 15:33:54,-79.16485875680188,25.83842051159428,920.1321484624556,urban,8.676516607771624,9.592617646450428,4,39,voice,incoming,19.64553750969444,98.63638215126164
2022-07-05 18:17:59,-64.79965320330626,14.57468264595551,1081.4662713896998,home,8.780109211645371,7.273194697674466,7,44,data,outgoing,27.412362076215928,90.0
2022-07-06 13:05:45,-69.80532742615061,23.765780515774704,1716.6971519447732,home,8.319667367965497,9.516589781420596,5,45,data,outgoing,23.882686073370746,99.72852566741093
2022-07-07 15:37:22,-105.43347023941718,26.190326299513004,1363.2092163314403,open,4.495520010026057,8.012948346761963,6,15,voice,outgoing,28.57000247046046,98.84532734895662
2022-07-08 22:23:10,-104.92385016902004,14.283910467655025,315.76866500715886,suburban,4.724152826735217,5.957713107137161,4,71,voice,outgoing,27.366188122867726,103.48103182406709
2022-07-09 14:19:42,-89.97407263824203,14.33173505112038,77.8541803916019,urban,14.218785543972864,1.0203128594968802,3,66,voice,incoming,24.635855436715637,109.24478047472672
2022-07-10 13:53:07,-80.83713186315322,20.74982849426685,933.33336209783,urban,12.06040532389905,1.244671764054952,3,99,voice,outgoing,20.766031409657977,105.63282514773879
2022-07-11 14:23:02,-76.56088066512044,25.320592922177497,1007.6330053789558,open,3.121300707090566,0.625840348596215,8,99,data,incoming,17.425763876570677,98.65555654722584
2022-07-12 09:37:06,-82.63917527821337,11.209921856893512,1770.0862743527423,suburban,5.254656527959266,9.929279969095903,8,6,voice,outgoing,22.767425239664895,94.46737045629165
2022-07-13 18:29:52,-111.40335663109371,15.532716935760442,773.122806746965,open,0.4162762897759031,1.3952262011430827,3,48,data,incoming,29.28199397161736,112.8667990162493
2022-07-14 21:45:56,-82.5577578488049,27.993419344627853,1459.1127115933564,suburban,2.3108705703408283,8.181234472631182,3,31,data,incoming,26.07046872065102,100.29609217007244
2022-07-15 11:50:29,-66.43474805771729,14.695634955623795,809.429971745072,open,3.384749728216497,9.65480733494821,8,84,voice,outgoing,18.771306106440058,100.06964645956474
2022-07-16 09:14:46,-86.53859721294533,19.296492673167563,1632.2655760552932,home,1.3047285644589135,7.04283167486691,2,27,voice,incoming,25.86590462925591,99.87937456444999
2022-07-17 16:06:36,-75.01241958238478,29.405679131964053,1767.7247339008622,home,0.5504756497708263,1.73926098305349,1,20,voice,incoming,26.926586898644185,100.99042380383928
2022-07-18 15:59:58,-75.37228050796635,21.3305185213578,372.16219131156726,urban,7.941324898396905,2.14199561073148,5,73,data,incoming,20.580712818994336,99.27819794038028
2022-07-19 13:38:21,-66.30505015260749,11.402288892533898,1460.359573498457,open,4.542551558629865,4.240618152230517,7,37,data,outgoing,25.76862552972764,97.13168996559882
2022-07-20 09:18:04,-116.24923549957975,10.511712063454723,629.8541708281555,open,3.311047039487258,1.4758488232564748,10,22,voice,incoming,25.29104359223,97.26570529379804
2022-07-21 12:13:15,-95.80641689637126,17.81960336417857,1557.3615617431744,suburban,5.688841485769393,2.5264756589258752,10,99,voice,outgoing,19.285148510846884,99.83623364892001
2022-07-22 12:06:00,-76.48317032967631,17.21118629199993,598.6958511142619,open,2.478849205487013,1.5768447309650224,3,84,voice,incoming,26.788936801741418,97.28287614433117
2022-07-23 18:42:57,-72.1464870644409,12.08297126680574,1144.8317832170092,home,5.696442999389698,5.20508302941272,5,61,voice,incoming,27.80392263184117,96.43577108661418
2022-07-24 20:40:08,-92.90511430536066,22.765860969655485,1344.110859600406,suburban,5.386718071367376,9.186477416698436,9,36,voice,incoming,30.415256215876383,100.53215113845948
2022-07-25 23:05:16,-87.86635642006726,11.062893722543688,649.813345825496,open,4.7442334237346335,8.159400008896382,3,21,data,incoming,30.269010260174515,98.72511391289572
2022-07-26 13:39:00,-101.07921695700593,17.883410917465124,1581.4861594686029,urban,10.506394699223572,2.6200857637769195,2,95,data,incoming,18.111653160214544,107.51996494291345
2022-07-27 12:28:55,-78.47897938174668,13.29093120486823,759.0923339352032,suburban,3.97401604089808,8.126929727805756,10,58,data,incoming,20.310874800424386,90.0
2022-07-28 09:37:19,-84.40331504952474,21.383865899530782,249.82714987017783,home,3.354999964690188,5.29241653016403,5,85,data,outgoing,27.5751763360433,105.45753425961232
2022-07-29 12:33:38,-104.15737012556056,21.3997406082366,1566.8237046629151,urban,10.241156416983328,3.509146283950594,2,59,data,outgoing,27.568929754561044,106.23042596248814
2022-07-30 09:26:41,-85.55864212543977,14.369311717144472,818.9787740599371,home,6.955263640640336,4.8224319280374575,10,17,data,incoming,27.575238431530238,90.0
2022-07-31 22:25:44,-106.537452824574,23.88303434282953,1387.1902264182634,urban,5.508353286289077,0.83008569963679,9,36,voice,outgoing,44.26365745327361,98.28656202959826
2022-08-01 19:01:27,-95.92937160741792,13.2719391775221,233.0079919809407,urban,5.7521459195018565,6.437666985919063,7,26,data,outgoing,27.854452553465833,98.14279567002104
2022-08-02 15:44:14,-79.24996714606849,14.584700058094874,1101.8165322477796,suburban,4.268173529882168,8.214768622859625,3,49,voice,outgoing,30.677828200902994,92.9624415264109
2022-08-03 18:29:17,-81.72528755024275,25.55809306442211,115.74546593202864,open,1.5833391324943191,6.2412847695336735,2,83,voice,outgoing,29.770008817466014,96.11091656204562
2022-08-04 21:33:39,-68.58358642697735,26.756492873667643,1757.576930042113,home,8.127687938644245,1.6981387961889904,6,86,voice,incoming,28.25695625652899,94.44712077267086
2022-08-05 21:45:18,-74.01277987195444,26.56325257984568,1258.852241901645,home,4.626170998149258,3.331106208406501,4,2,voice,outgoing,23.42365377679827,108.76135221711812
2022-08-06 14:09:45,-79.02385990593011,19.394780916088497,1208.5072211076276,home,7.928850901719533,2.915890178970108,5,13,voice,outgoing,28.794846102466337,104.6783919657373
2022-08-07 19:30:39,-107.3113112354028,11.48345736472167,303.1109729652013,urban,8.48959783093867,9.457663691556988,2,2,voice,outgoing,21.13587392731214,106.3577754749708
2022-08-08 18:54:33,-90.56221960020709,17.96854396283441,53.93874311627695,urban,6.969977490501911,6.8149733017234055,2,26,data,outgoing,23.815906966299956,103.60836032021618
2022-08-09 09:29:14,-64.0098281116729,19.922964894685272,1025.118519230243,open,2.591086871112233,7.763335422144425,9,52,data,incoming,22.573182260854484,94.35474114391386
2022-08-10 20:46:28,-80.99582808668829,16.25630670536377,55.89383531547965,home,1.7964577223074196,7.454445010291677,4,95,voice,outgoing,25.409370696931614,97.37739866860113
2022-08-11 23:23:13,-81.56832451319782,12.063937248941537,569.9423712095756,suburban,5.289343091175856,3.7657165715824936,7,58,data,incoming,36.573292833367546,102.4468728061396
2022-08-12 12:27:26,-93.75182462278464,14.674092983208292,25.85117156250489,open,1.6072146392136466,0.5348648511457854,5,38,voice,incoming,15.66367403704126,93.88936095554027
2022-08-13 14:43:21,-90.74506055825644,23.77747453252037,1090.853032815766,open,0.3527630132271175,6.016210603534543,5,80,voice,incoming,28.43130095187257,103.56499215086194
2022-08-14 15:35:29,-80.81755176826073,16.84772619697243,1411.129980331302,urban,6.042770690221614,3.1495681295488334,6,34,voice,outgoing,16.936420644051744,98.79837300920933
2022-08-15 18:26:05,-58.69605046913758,18.504645875761533,418.73120980889104,open,2.7000754421510305,8.910787970519747,10,89,data,outgoing,22.640340671052833,98.12589596225202
2022-08-16 15:47:14,-82.06004121352846,15.358977760609733,334.5632828900347,open,0.9920176187299434,0.2422919655051059,2,50,voice,outgoing,30.444752984836832,103.55479984101746
2022-08-17 20:33:13,-73.96496983632284,17.581157666354628,11.520903607716782,open,0.3625599947598668,6.72617447590251,3,34,voice,outgoing,25.321400095477316,102.2213165574302
2022-08-18 11:57:48,-85.56423007692054,15.4331632806584,1129.1450306749427,urban,6.048844450740725,6.475987918492848,1,38,data,outgoing,19.61127611035347,98.1951691709046
2022-08-19 12:10:13,-60.43936400610184,12.10277514476184,1272.9378664389803,home,6.71700097740466,9.601418913981462,3,80,data,incoming,21.42348145370016,105.79664901682123
2022-08-20 13:49:27,-65.04983017479998,27.4768881510418,1592.329562600959,suburban,6.176413467924283,5.608204971532986,7,61,data,incoming,28.39798874467338,94.59468336200051
2022-08-21 19:26:03,-70.82607148130919,15.81817495129254,384.9678281508373,suburban,4.3362974132631535,8.02014433189381,10,70,data,incoming,21.34816684141432,103.07967803472133
2022-08-22 12:05:55,-84.21763288199892,21.24955216715525,889.0986643018183,home,5.07716895060868,5.207439514361866,4,70,data,outgoing,26.082292947909874,102.96550628984193
2022-08-23 21:21:42,-81.84437091297237,13.867640646742272,188.02565515284616,home,1.9501751534729064,8.608112461069195,5,35,voice,outgoing,25.22785919951907,98.45226780343005
2022-08-24 18:17:03,-101.98045253197624,19.003484099528784,265.1133386816889,urban,9.930866065188797,4.655619705919197,9,19,data,incoming,21.741998261970913,101.63066511121059
2022-08-25 10:26:15,-113.17355160855632,24.705311177175204,1479.914736343838,open,0.3409967139749648,8.039306620598465,9,73,data,outgoing,35.719720446626624,93.74443211807349
2022-08-26 20:09:47,-53.45484802585671,23.42324861706312,1151.821353642467,open,2.1673795070297928,9.030613125680397,3,24,data,incoming,28.169595111590056,104.6201350960345
2022-08-27 23:32:16,-96.92116753988284,18.30482281589969,447.3878234546589,suburban,6.741978101150493,3.900073589933264,4,55,data,outgoing,14.874287066711965,99.07548931778506
2022-08-28 14:14:34,-75.03189285556661,24.744161107061988,1615.4909126430714,open,1.9064975611531905,1.01572391486088,3,51,voice,outgoing,25.93227157384714,97.38638489740481
2022-08-29 13:23:45,-51.967553937419765,16.91517258831756,1013.2835149653088,open,2.606423687198905,6.973527284496097,3,6,data,incoming,21.69106767615806,105.24504612918444
2022-08-30 14:26:21,-91.84574391562224,20.54064329037398,115.8579188840049,open,2.81074743556994,2.372858035438361,7,6,data,outgoing,29.26216667398112,96.4782815472862
2022-08-31 10:32:21,-98.22994572019084,14.083917301944629,484.0511997217552,open,3.8351790228661926,2.466334747739249,1,65,data,outgoing,21.037396307836495,92.9576935181822
2022-09-01 12:27:32,-97.37602043188166,18.3115956918774,1398.5302949100092,urban,5.144741524068392,2.0142194777130973,7,78,data,incoming,24.426317792665504,92.21685413238048
2022-09-02 12:31:41,-86.45365749267842,10.494990427175717,695.3596466911159,urban,13.32854340946074,9.614238497463184,5,53,voice,incoming,27.524936394902287,103.0300497567282
2022-09-03 10:07:08,-85.1361047421284,13.413577796890284,978.8498769877464,urban,5.573076427149763,7.932575313815699,5,53,data,incoming,29.328775970850607,93.59785323751859
2022-09-04 18:39:07,-98.39753563376615,28.510916234862503,433.2522018548664,suburban,2.880221159069008,3.4640917752111267,10,63,data,incoming,18.998517964721117,108.77397090992183
2022-09-05 23:30:01,-73.19970964452189,28.567207003859483,56.0678448962012,home,1.1678139990481715,4.049171288365535,10,77,data,incoming,23.327493820795258,90.0
2022-09-06 19:30:41,-94.1562526289561,16.717302463385884,1018.5093754518356,suburban,6.222482197640131,8.688332505207464,4,13,voice,incoming,22.62527344419522,108.48228184145019
2022-09-07 22:30:01,-75.52828052888515,16.091528619565892,1692.6467982403713,urban,7.8349009750722844,5.453067703177256,6,55,data,incoming,21.73335383713144,101.05508733601309
2022-09-08 19:12:06,-92.04371273042172,21.852944608460383,1063.97695648233,suburban,4.34842836428603,2.8288681816365493,4,78,data,outgoing,33.82727120140548,99.51643444064804
2022-09-09 21:45:44,-71.31014355142645,28.61706379366866,1266.2516119115796,suburban,3.5704522578940137,2.70950378770096,7,96,voice,incoming,27.024908554804778,97.27540456595526
2022-09-10 21:26:35,-72.89683751628178,12.032154226394416,940.5222439065766,open,1.4570876342052168,5.862514351913499,5,81,data,incoming,18.695580228324772,101.99568057176036
2022-09-11 18:50:42,-76.55893037091913,29.634486279510952,968.7499864580238,open,2.377030647139074,4.4107535665648285,2,28,voice,outgoing,29.58930973527388,99.81182648787576
2022-09-12 09:51:09,-93.57683695607427,17.14912054944788,931.0579212293392,suburban,3.1683801920778265,1.6129506277114425,1,40,data,incoming,35.610780985063165,105.5165094100826
2022-09-13 23:32:38,-76.22794275338526,12.518256488394249,1415.0100124471069,open,2.0892660578493825,0.4105241607654897,9,70,data,incoming,30.162326302755734,100.5711382433102
2022-09-14 18:07:17,-74.22628969983381,23.32265957312625,1731.7737531155635,home,3.343216144089496,9.769136606941837,6,16,voice,outgoing,17.403150170229935,100.75150880730939
2022-09-15 22:32:33,-73.87050734372477,16.855464884562153,903.930054814893,urban,5.516217300853618,2.4711229164831927,1,82,data,outgoing,22.578829635668743,98.18193893893073
2022-09-16 21:26:36,-92.5618536917726,24.288313269346705,1104.950069907927,urban,14.850276779704505,2.69325561071264,1,83,data,incoming,31.334555745933113,99.71527188139466
2022-09-17 13:28:54,-68.62307626317082,26.06728763544687,231.53529268828984,open,1.3453079960418064,2.5840515765677283,6,57,data,outgoing,21.461652671906094,101.5390088444603
2022-09-18 14:20:17,-88.64124466771169,27.921755147472737,1207.2370503490877,urban,5.380880730458802,9.00150475709739,7,58,voice,incoming,27.219097140731144,91.44915803671687
2022-09-19 23:26:33,-60.5074732016415,10.769981366938213,61.72184549940136,home,0.7664553366308358,5.201327288368715,1,3,voice,outgoing,28.873170267146683,93.25907288947144
2022-09-20 21:21:21,-78.26090570312691,19.11796162746415,1450.7809747251445,urban,11.33334029681868,3.6252319864372384,10,70,voice,outgoing,20.365347642109583,103.71632047011357
2022-09-21 15:30:57,-93.53454876188668,18.289058917581173,383.6942500487234,home,3.791938943272771,7.317134684255055,2,16,voice,incoming,24.702373219691,100.85432719063971
2022-09-22 12:39:19,-80.90450516215648,14.125977342141432,1506.496951541524,urban,13.547747071069631,6.890400601660872,3,8,data,incoming,8.793663299654636,99.0800833182366
2022-09-23 11:42:25,-81.94406557832957,23.87499873428556,939.6279602303372,suburban,5.623944364539535,3.7577354593518586,10,62,voice,incoming,19.878061793328552,100.09216966532696
2022-09-24 09:57:39,-87.30343100018226,27.157245142390742,236.2843644596952,home,5.767102863287695,4.872324758537083,4,69,data,outgoing,23.7371592430342,101.73790852680835
2022-09-25 16:54:44,-80.4562614052071,24.570060330686808,664.5286257938195,open,1.4664840278591684,2.685498497830693,9,71,data,incoming,18.761084090175753,97.30120159845319
2022-09-26 20:39:43,-93.55133754050507,26.21689410467336,1707.2765796530707,home,6.888980866854537,1.3095034357625523,1,77,voice,incoming,33.16205651965818,96.10847637298843
2022-09-27 11:09:49,-95.3171890284374,21.04361016395284,233.5741853279368,open,2.826046985623437,8.971003410867823,1,37,voice,incoming,17.849293110196836,100.9792262754884
2022-09-28 14:01:41,-76.51379919344001,28.57476404563821,387.2955895950067,suburban,4.9515892728209545,0.7358300901391457,7,80,data,incoming,22.799777566515083,95.10813611192484
2022-09-29 09:23:12,-73.13596847713981,16.631825379332646,323.2107966658524,open,3.886942922539485,9.363163933343111,9,21,data,incoming,25.653702886430455,102.04126377857236
2022-09-30 13:22:21,-77.1323032660037,26.49928596436259,390.4713978721709,home,2.870045019546086,3.94228925390744,8,23,voice,outgoing,32.20636644533058,91.48708197881079
2022-10-01 18:21:28,-71.67409659509171,26.15524089431837,1241.4459180082629,open,4.7485450799264814,0.0580191987007339,8,19,data,incoming,17.8206892441028,105.14577818662822
2022-10-02 09:33:06,-69.02418833140925,27.041580705030785,637.6379528026052,open,0.3235237450426986,3.490416868983397,8,85,data,outgoing,30.815818760774796,102.36298741206521
2022-10-03 12:03:31,-94.20464754853867,21.37243930041292,557.011995359942,open,0.487549339322274,1.4150161879990708,3,5,data,outgoing,25.051165305097935,101.28014867156938
2022-10-04 23:36:37,-50.51092923073777,12.440903014026375,289.5611169988585,open,1.4239049925719804,3.1126923136659315,10,22,voice,incoming,20.092456744760245,104.91345491972757
2022-10-05 16:10:54,-91.20281407405336,19.35170640175211,1370.6146631718398,suburban,2.7625040573846915,9.373980253100497,10,51,data,outgoing,27.310517371316354,108.32737222231289
2022-10-06 12:01:54,-75.47534340534946,28.957665727536515,1156.387671350405,urban,9.510351038786872,7.563137468560907,9,89,voice,incoming,25.99529847786735,105.07185032509065
2022-10-07 17:54:16,-88.44280620669608,29.8139450776238,972.759755102946,suburban,4.820846677152164,9.022393727367437,10,45,data,outgoing,21.998915614206027,90.79562884334177
2022-10-08 22:04:37,-112.6887306896922,16.617144046033008,1221.2528504757722,open,1.8047325601038413,6.230003452066402,1,21,data,incoming,25.349010424950094,93.6021151663215
2022-10-09 19:36:06,-53.63904099983489,20.4075713766508,1295.820617815741,open,1.360984941643781,0.1384154505302881,2,73,data,outgoing,23.0734320156912,96.8759071115216
2022-10-10 22:21:18,-85.82626089466387,19.74951732687632,629.267769965656,urban,9.780823964052942,8.403508330532436,6,18,data,outgoing,25.56758672625624,100.13045525105417
2022-10-11 21:00:27,-78.90815856924355,13.573018174132264,1553.6439729968158,suburban,4.494373855960115,1.0464973282622336,1,66,voice,outgoing,28.310653372605234,102.58829510234561
2022-10-12 13:27:18,-94.372578807201,17.71200850882385,875.6065645206659,open,1.9515726436212435,9.781066116100645,5,60,data,outgoing,32.93008408072676,96.37128093423267
2022-10-13 11:45:40,-93.68348625294288,14.652839481425682,1160.8045266820327,home,8.947618210218657,3.5029187943633886,9,9,voice,outgoing,18.810922505865754,100.9338338223854
2022-10-14 15:16:39,-68.8022885880988,15.01361030041415,714.7323854087178,open,0.464496706778309,0.2499543647616708,4,68,data,incoming,35.665166873281336,96.22308533823339
2022-10-15 11:46:20,-98.66493805063506,13.736971431016066,1236.330486046464,open,3.4825365260724244,5.501028095430537,2,31,data,incoming,15.239561002387491,96.94241098504025
2022-10-16 17:19:44,-97.15111443152512,16.317389327373164,329.4870969664605,suburban,4.610331335413432,9.520169177053893,5,34,voice,incoming,24.241074524822082,92.96669451575889
2022-10-17 21:01:21,-64.42817937056668,10.271410715673367,1517.649792485401,home,9.284563255531763,1.4963083675652422,1,24,voice,outgoing,27.941586032422883,95.38383376944547
2022-10-18 17:33:05,-92.7704756568323,18.47287956683826,1584.6004080766834,open,4.662059068306462,4.372393495232242,7,47,voice,outgoing,26.404959338675162,93.24157697191833
2022-10-19 16:05:48,-95.06284220254804,12.987813010328669,176.76233345250992,suburban,4.628205746180049,7.923148017392279,1,35,data,outgoing,21.88650240089703,95.12063373511333
2022-10-20 11:24:17,-76.57361797626096,24.38029392047593,517.3304029102152,urban,14.174247779392909,6.97951729649911,4,26,data,incoming,23.959388748213623,105.2682089830392
2022-10-21 22:08:43,-99.74554077329609,21.59227487434324,1760.0966605249987,open,4.360292045490047,5.858618724730592,7,49,voice,incoming,22.534995326705836,95.25300555584029
2022-10-22 21:37:11,-109.93072663128008,11.92078744482691,430.9804310160917,open,4.089373065550459,0.3366074535757235,2,94,data,outgoing,22.053176215278942,113.16191032418695
2022-10-23 09:16:19,-96.4793434901556,19.81866883473343,71.18238643567855,urban,11.317231391232871,6.783715812961242,3,36,data,incoming,29.248010485105123,102.46658950440445
2022-10-24 18:22:53,-71.87874254729456,10.52303642816364,325.8570605505992,home,4.437815256304641,2.604598711402065,6,67,data,incoming,26.785077429825236,100.92418061847437
2022-10-25 21:18:30,-117.5197593812542,18.526492128258752,1113.1745400097136,open,3.968259025515104,9.00083768089959,5,67,voice,incoming,21.535452023696728,95.70821109909393
2022-10-26 23:27:17,-79.06877565586535,13.598562845971625,738.9902225412982,suburban,4.357494869297461,5.832494725668759,4,100,data,outgoing,29.497999377166252,103.50154939704495
2022-10-27 18:36:56,-95.72866074342478,20.21184121434956,345.22017451940457,open,4.520253796117533,4.8875552512150655,4,58,voice,incoming,26.536497604383047,97.12181086881112
2022-10-28 23:00:45,-68.15993873337464,19.58754153708824,1261.2721428100028,suburban,3.309394417025781,7.512339690640763,5,44,voice,outgoing,29.0643105941948,100.6100490732268
2022-10-29 20:34:14,-64.48288605980898,28.80318764766182,1006.8220758256864,home,6.480553516660624,4.720386876971972,10,94,data,outgoing,28.14814420961806,112.80042269134397
2022-10-30 16:27:22,-74.09080369833728,14.542556845085375,454.52641029559936,open,1.8943777474135537,5.85898781810712,8,4,voice,incoming,20.855024945389637,99.51970050137675
2022-10-31 23:27:49,-106.88889586152796,21.66934493799993,261.3467506526821,open,0.1925660406793561,0.9796042864107556,2,60,voice,outgoing,22.199094799015153,105.74636663142837
2022-11-01 14:54:00,-79.41827118048082,18.90305309462528,994.738363695404,open,3.6386752405970624,7.494869043334722,7,63,voice,outgoing,28.736468025616308,96.48411787437057
2022-11-02 18:51:54,-95.94366693564884,26.437340736067505,746.7321051370837,home,5.2781893261314,1.2102096368308013,10,68,voice,incoming,28.051851327167324,99.82505754751519
2022-11-03 21:00:58,-89.67971299150142,10.367119952406032,1379.4501943620658,suburban,7.99127443858422,9.46476125362015,8,38,voice,incoming,24.89549203017926,108.85400317817755
2022-11-04 17:48:00,-74.78070656565329,21.29985770079015,1766.843374604128,suburban,2.0986452019451307,4.589509689516645,6,32,data,outgoing,25.58663691654391,96.86516471106117
2022-11-05 20:23:53,-102.32338075750292,20.10061385098264,996.7333448805311,suburban,2.976733717230984,5.630169730072257,10,47,voice,outgoing,31.388324478942124,109.06224278998465
2022-11-06 11:10:26,-104.07020271169748,28.68642574331959,189.6668300653298,open,3.8358394053762535,5.183288668738811,4,61,voice,incoming,22.04214305582085,103.53875967727738
2022-11-07 14:45:13,-101.37961078123784,15.01196308167348,485.9493584440621,urban,8.313069318111332,4.909114222968186,4,94,voice,outgoing,27.735486905850188,97.18766612052866
2022-11-08 19:03:29,-93.4535801187192,29.448350387454564,898.0411519574254,suburban,2.8079172583316128,7.443021343328927,7,73,voice,outgoing,23.98903673783053,103.1620386952776
2022-11-09 15:55:58,-91.8925984672736,23.943373294255142,48.17761820961736,urban,13.909458477194953,4.7126784843343525,5,85,data,outgoing,23.9115939838639,104.86277224813365
2022-11-10 12:47:19,-98.46817075655962,25.39023377473228,1696.206197594608,home,7.648126360914694,9.981805582614609,5,92,voice,incoming,30.49388425993595,103.10904981108598
2022-11-11 10:22:51,-62.91089934415235,25.436868641654527,1347.818219191764,home,7.690255254180261,2.906611187495096,5,81,data,outgoing,29.12708174494015,92.14887640054772
2022-11-12 22:57:21,-79.58538901056828,23.14230880351135,844.9178405527942,home,8.80140811104127,1.9394067082073865,9,91,data,incoming,29.067548180003193,96.36431412087566
2022-11-13 11:06:26,-67.63624391721012,27.88954889648548,1012.0026208881962,open,3.970920068197967,2.2440390915920547,2,27,data,outgoing,31.527394035771646,98.76240682224248
2022-11-14 15:02:16,-67.72727421385402,15.538251852225937,704.251864957939,home,1.708871360494525,0.3408062454088612,1,72,voice,incoming,25.105019208163796,99.62783285449977
2022-11-15 17:33:32,-93.27678309693944,24.85777994840728,1698.2372476619273,suburban,4.216177178645666,9.283712457217227,3,100,voice,incoming,28.40976485647482,103.10336048775339
2022-11-16 21:26:32,-95.99361617149266,23.974021050699587,1026.364161278297,suburban,4.277515698298601,5.783436448569137,8,17,voice,outgoing,23.44866621703272,100.88850500466627
2022-11-17 13:10:16,-98.56690111953316,23.39522787353736,772.0277182981964,suburban,3.994669377921833,5.477682185735258,4,6,data,outgoing,26.62083176244221,93.32327820644949
2022-11-18 20:37:37,-107.86324504591953,17.79696426660093,138.74686061020677,urban,11.68934679584847,7.69840185262788,7,38,data,outgoing,24.349284728161578,101.90098925502981
2022-11-19 10:17:36,-98.93551985342472,20.28699988015984,298.8845009238882,urban,11.283616710579512,8.218085838898151,7,38,data,outgoing,25.48497982496359,103.05292872641911
2022-11-20 20:42:57,-74.90723197214994,29.041618854305305,1005.2267561273771,suburban,3.4406512805751523,7.104850284070588,5,22,data,outgoing,27.97578512718457,102.7989522396552
2022-11-21 12:39:16,-90.79759441183086,17.113672147792037,1159.764498059736,open,0.7984549089629844,8.179961301874247,1,30,voice,outgoing,20.908896583832636,105.4039036277731
2022-11-22 09:53:16,-72.21230384144116,19.07216034473859,455.0941313939751,suburban,7.956866727669463,1.413820504734229,9,49,voice,outgoing,35.4619363784273,104.16961077274452
2022-11-23 12:56:46,-68.63406491344341,12.522153999807816,525.1993092905101,home,0.9632385264001764,7.547049893491796,7,99,voice,outgoing,19.96991309250149,102.29590039614219
2022-11-24 18:36:27,-80.3903673052,11.691683814959491,183.2423234000761,home,8.59509787997193,0.1872077427242879,1,87,voice,incoming,18.92905693606134,99.64917144270676
2022-11-25 11:13:04,-76.73321227751504,26.25840641177108,568.3554027797038,open,0.1639010348144937,3.4972608244553127,2,6,data,outgoing,30.790554367500338,91.69519533242004
2022-11-26 18:45:01,-75.20313006879101,15.260982052807089,306.5259015984013,home,2.0955547330762334,1.8862047948031968,7,53,data,incoming,28.95831346981468,102.14809109566293
2022-11-27 23:19:36,-99.81143566964066,12.255161293331794,550.1994228934614,home,6.780687033227721,1.2991773647804017,10,81,voice,outgoing,28.120599085260775,101.03843843581555
2022-11-28 23:02:57,-67.82752249347755,18.37728858260233,558.6801043434194,open,4.032763946887329,0.1948688215023741,2,32,data,outgoing,28.1417275463214,101.35789418597686
2022-11-29 11:54:15,-108.66604767044176,11.328668691202475,1545.6205325633837,urban,9.736856367344082,0.1832667099162499,9,50,data,outgoing,24.938766135765427,93.61625712089845
2022-11-30 11:45:57,-83.7597937834699,22.527563252780663,1047.5274540523717,urban,14.699734102511862,2.3821439837286142,6,62,voice,incoming,20.51372814257084,94.59471729795868
2022-12-01 19:40:01,-115.0756749411353,14.286705322596893,835.1612680811252,open,0.1869038980025317,5.310981865016208,1,96,voice,outgoing,25.37902279096863,105.26576426666452
2022-12-02 12:42:25,-104.93871618799618,13.239639645819793,963.889945679334,urban,12.35997607282069,5.558400492510507,2,28,voice,outgoing,21.61419144243944,99.80222423071673
2022-12-03 16:13:35,-71.98146692564723,11.501597603205036,1721.2386992211195,home,1.1773980976012657,8.419652981655188,9,18,data,incoming,29.875598667088756,103.40750348686312
2022-12-04 16:40:31,-78.94411468295756,14.50004402811764,252.4165950118561,suburban,6.084629602766593,9.112786712757233,5,79,voice,incoming,24.264713092489306,100.1415918806523
2022-12-05 10:47:25,-91.89637612862144,19.744487439946816,1447.5733898934418,home,5.406019332754414,4.339957954483852,9,26,voice,outgoing,20.872514016037442,100.14878069747873
2022-12-06 15:06:13,-82.45169143985173,14.786130759555292,1074.917031557913,urban,10.501445286823994,8.860903748661515,2,67,data,incoming,23.393070791735035,104.69141902988
2022-12-07 18:55:15,-99.38051778624612,27.21580088378343,620.9478713994414,urban,14.939793354705696,2.8855952305185006,10,57,voice,outgoing,27.06465727137812,97.41977635891313
2022-12-08 17:49:14,-74.21120778194987,29.87292553678228,698.0030476644536,suburban,5.108229490426902,3.5398313706543227,8,98,voice,outgoing,22.181377235980126,100.48060388470492
2022-12-09 13:15:00,-64.62157572316954,27.812071245527296,667.9251962721296,open,4.669814204705458,8.379269018632217,1,65,data,incoming,20.888898022167844,97.6886235564748
2022-12-10 16:49:49,-103.6648147295526,26.222187314572466,515.9295434813486,open,1.3835892678519164,8.854169906752317,10,62,data,outgoing,26.218436057459563,97.82751886283842
2022-12-11 19:26:28,-87.3651218556704,11.316322951951804,991.1577790792088,suburban,2.1724752020612,1.4874809634161943,2,54,voice,incoming,26.224832855543614,98.4541393826568
2022-12-12 15:34:59,-84.32062042279452,11.30159506108129,357.73772766439885,open,0.7662441061904762,2.6730047402385115,2,74,voice,incoming,22.46528412314435,101.11066885816857
2022-12-13 11:19:07,-88.77760527530535,26.06699580748701,1102.8379072226217,suburban,4.299357639103034,6.951399931094412,4,75,data,incoming,22.644808471908387,97.60625689168262
2022-12-14 12:23:51,-96.73543193160174,19.530401402466307,1198.4165931867803,suburban,3.746626812677145,9.52565435176007,1,68,data,outgoing,26.16024968678818,106.2787806278676
2022-12-15 18:16:41,-72.65343833666678,20.47234014957846,429.8595572603316,urban,10.829355474794724,0.3520692357646715,8,89,data,incoming,17.75957829251338,95.52696348890248
2022-12-16 22:47:54,-118.68131771882383,15.305653393858671,1621.4790851317966,open,3.7836927295600375,1.665327124019227,7,83,voice,outgoing,17.962681128117225,99.0656417791932
2022-12-17 19:27:28,-89.73251746359627,19.142353564531,501.9675743772229,open,4.89177210656568,8.416925076721785,4,34,voice,incoming,21.40777889373782,97.80134470862913
2022-12-18 20:57:08,-50.66441336216029,27.91099577052861,1068.892055410821,open,3.6172313288291584,6.173050937879693,7,63,data,outgoing,23.932764241440765,107.23488942176867
2022-12-19 14:21:57,-84.18996105210431,17.73635196407347,831.2208517637332,open,3.592344735649024,2.984905299787184,5,5,voice,outgoing,26.554537827990025,100.98277388255788
2022-12-20 11:25:18,-79.91911242192916,13.646240629303891,201.7562507912062,open,1.06293827012558,9.584577581127489,9,76,voice,incoming,32.37678108474776,105.15922269734317
2022-12-21 17:44:41,-71.52287408011807,24.393179460770472,1480.309013406655,urban,8.541695367810695,4.562054892238524,6,52,data,incoming,29.288298116010097,92.57219813481514
2022-12-22 14:18:00,-104.51877318499852,13.843171326319922,772.4123308288124,open,4.584413278060832,6.297656650531521,1,87,voice,outgoing,24.200307350182864,101.33525132934629
2022-12-23 19:16:27,-69.29027429533026,15.412406246174475,1696.596359569038,open,4.727830637235609,5.278580772688912,7,91,voice,incoming,24.904918960486555,104.44815397811719
2022-12-24 22:55:23,-105.53411814277295,26.86406726742104,1059.410118713907,urban,6.655943269600211,9.527614683902714,9,29,voice,outgoing,19.987353176810956,100.41141994637712
2022-12-25 13:49:11,-64.80997206579269,16.750780112827144,554.1500321629965,home,4.833666799385762,7.811873290348904,5,17,voice,incoming,24.90743432003805,105.32740187532676
2022-12-26 10:22:09,-57.15593407597055,13.959885452008024,1474.727047139133,open,2.9337780698641494,2.059567864666707,9,54,voice,incoming,23.55670680539931,97.41355774949814
2022-12-27 21:21:10,-61.461306833424295,25.83644423717952,324.4336421234148,home,1.9426909309786844,2.6001656410211904,6,10,data,outgoing,26.613592801690448,107.0467372009279
2022-12-28 10:50:56,-99.142211945167,29.478815859183225,495.05347689365954,suburban,5.522863499623966,9.335378164495705,9,83,data,outgoing,20.863845282238387,111.49449061809625
2022-12-29 11:27:02,-84.15888848571566,27.514472260370333,749.8924623713123,open,2.051314143890827,1.358055707264546,6,56,data,outgoing,27.596732571205862,98.18580719780171
2022-12-30 23:13:38,-76.35487477415893,16.25485825660133,845.8479630460766,urban,8.673493007748238,9.576039659150016,5,11,data,outgoing,32.66369456501289,97.77248739299614
2022-12-31 22:38:35,-72.25322598290846,28.00097975910676,693.7263217677778,urban,6.3423971351017965,5.988270693768549,6,33,voice,outgoing,24.456199257715713,107.2669223855885
2022-01-01 19:32:01,-75.20527045908503,29.96182686746308,1041.9020751259677,open,4.300465070152634,1.5845534865566202,8,42,data,incoming,27.008558610494706,107.89786072865357
2022-01-02 16:18:37,-65.70017361618854,27.857896338945327,1274.6554947267448,open,4.76806660196718,0.6865063371258495,5,25,data,incoming,28.450719958555563,97.38569986423366
2022-01-03 16:25:29,-105.7438581069422,12.202887826416704,871.0282733389857,open,4.216903222758849,2.645213339732252,5,38,voice,outgoing,22.993897640570818,97.89906591452072
2022-01-04 16:56:35,-83.81158453975843,18.328766693384303,910.5098835344576,suburban,4.971138874244599,0.0711116754953122,1,75,data,incoming,26.120462409052084,98.59107695569746
2022-01-05 16:21:42,-88.14340880833045,15.780436787557193,1487.7737745876443,urban,7.38646167618414,2.451068394238487,5,57,data,incoming,25.062962003908975,93.27774744482862
2022-01-06 15:20:42,-97.87009980746546,23.8112940958346,604.292980060365,home,1.9426306689642725,7.137986805425996,4,18,data,incoming,25.48838049274416,95.40674026757901
2022-01-07 22:21:30,-83.7532175237017,16.082385705467043,168.03390692165968,open,4.515301360592903,3.5655085251954075,2,83,data,outgoing,21.13495108072267,94.97929616623966
2022-01-08 23:34:55,-95.54726590666704,28.15703806075396,1439.7920960775978,open,1.9769245378887124,2.647030916381067,4,3,voice,incoming,25.122550871294713,96.16101217447935
2022-01-09 16:00:19,-94.89142092217348,18.40858862632228,1674.7146910760578,home,5.541940559197425,7.517094739168819,2,46,data,outgoing,27.489991456227248,99.8265755630661
2022-01-10 22:45:29,-80.30278461877455,20.68630209583561,78.33964876174176,home,8.643718455109818,7.974139559542449,6,46,voice,outgoing,32.25571803897521,101.1710736626826
2022-01-11 15:27:05,-109.17744839861192,14.10944018705418,1055.383365480499,urban,9.771068085765666,5.947319072516125,7,30,voice,incoming,29.796354130426035,107.75250246407039
2022-01-12 11:28:37,-79.74376058981936,28.22316154671333,120.45295287812334,urban,13.122160775830846,8.137296180264237,10,45,data,outgoing,35.76591228755778,95.00822979630604
2022-01-13 14:37:26,-59.43519004701125,14.297011374129733,1763.5035311357285,open,2.819390888022046,2.3896735221441867,5,56,data,outgoing,21.163262185559752,104.92161199238292
2022-01-14 15:46:02,-77.91857595770662,12.788558382354708,669.6621647950126,urban,6.98652463867959,9.134398541872706,6,62,data,outgoing,29.361603183603393,98.93005577887246
2022-01-15 23:18:24,-69.41218527541821,15.5067971009934,792.2498625566956,home,7.114139409268817,6.709415336286195,8,9,voice,incoming,25.91671002869176,99.75268145173783
2022-01-16 10:45:41,-94.90483602299037,18.189532700997265,554.1554899052838,suburban,3.033986832913069,0.8288349279775387,7,55,voice,incoming,35.94901466608836,103.37409746083301
2022-01-17 17:05:09,-74.85723426220744,23.856290324821288,192.92471015798552,urban,11.98094928138196,9.818436929420608,1,50,data,outgoing,20.958508573224243,94.3863898921885
2022-01-18 13:05:58,-86.62876920207785,20.30961276616336,580.7036816443364,suburban,2.367349913092559,6.4833578729781465,5,42,data,outgoing,20.801390789096118,101.91204873092025
2022-01-19 16:22:50,-103.18654358091185,29.1921712100774,734.8312096099606,suburban,2.035320175337932,2.9694619318035187,10,91,data,incoming,22.00303677277989,100.83226104106528
2022-01-20 22:48:36,-73.1323042490925,13.801028586790796,1684.13365499403,open,1.6335627636672223,4.70378461476802,10,80,data,outgoing,14.380521378450965,102.46225632004075
2022-01-21 09:35:37,-68.21908365623528,23.082588053642827,890.3874136345604,open,4.990363058072519,2.0532321119623265,1,30,voice,outgoing,22.371224891596196,101.44584321953909
2022-01-22 19:03:43,-86.29585425044414,16.177975848237026,433.1241662846217,home,2.9329347058065003,6.3938428025129,3,76,data,incoming,21.20433669223151,112.27650069955448
2022-01-23 17:32:22,-90.53565489872796,21.876693288496188,30.67130463169916,suburban,7.753769831007562,5.332223216172677,3,81,data,outgoing,25.75196893238104,96.81130007874341
2022-01-24 18:51:32,-105.28338719926248,25.64344542660037,923.7771644348688,urban,11.66458053508808,8.70129183720362,2,25,voice,outgoing,26.708779878885796,97.34501522499092
2022-01-25 17:38:45,-66.73455134575585,25.955576209347623,156.0950278909354,suburban,4.051596287112983,6.555179464931688,1,2,voice,incoming,34.38085419607943,96.88429736787617
2022-01-26 09:29:48,-83.96451161498564,13.81243175116962,1408.026158260181,suburban,4.304951668529515,7.65574223130666,3,75,data,outgoing,29.75211919093025,97.22261440419872
2022-01-27 11:11:15,-81.26335029893039,22.43588979259661,826.6209686527037,urban,9.62574396609203,0.633145258036707,6,70,data,outgoing,22.115481721687985,96.81306436346742
2022-01-28 18:55:35,-81.60168654659981,18.28938448070711,456.36965842149607,home,0.4542407910974655,3.2624220551834995,1,87,voice,incoming,20.50792664325821,105.94508265553776
2022-01-29 18:30:37,-72.55489186413571,20.25676053558693,1676.518911611514,open,1.773164597236072,4.802230569778799,8,23,voice,outgoing,27.459595857532527,107.10252123994927
2022-01-30 09:36:29,-98.02935785393775,20.858552074816537,1201.085568695522,suburban,2.7089718765492763,5.035257575838076,5,11,voice,incoming,18.398833964896788,97.14626853125262
2022-01-31 19:53:43,-68.66593244020436,27.155800743826163,94.2933484418636,suburban,6.2241499819884005,5.142789342947374,9,3,voice,incoming,34.157293829271765,95.83822213447885
2022-02-01 17:22:21,-80.97344610124186,25.87657178431848,1035.702964749992,open,1.844691493257054,5.645063658633508,8,12,data,incoming,30.897200603606436,102.35707778193202
2022-02-02 11:30:49,-89.72019149334633,28.599658055705333,1612.9840519204197,home,5.954771060485352,2.016900732993687,8,47,data,incoming,22.654121739476476,97.23888477859515
2022-02-03 15:26:27,-63.49240392372191,15.877277817480614,474.8948614394176,open,0.0422548747732182,5.786049765844612,4,37,voice,outgoing,16.434327354545612,103.16465908877755
2022-02-04 13:58:51,-93.45563783094757,18.10119729599205,65.2846511909474,suburban,6.997158619327165,5.407947970940834,2,97,data,incoming,31.769361870827062,101.01461510425649
2022-02-05 22:04:26,-67.21978661588543,13.084205635412465,1559.382836001546,open,0.6639859199918785,8.405077741856681,9,17,data,outgoing,24.42730077373691,92.42127942501384
2022-02-06 23:12:42,-76.7299233726534,25.51047082670506,785.5987058782928,home,4.628219734629035,5.421989070901736,1,1,data,outgoing,31.189081559867308,107.73752600665031
2022-02-07 10:33:05,-71.50754527756561,17.546362064715083,1741.7535639371022,suburban,2.699920652391482,2.48398821802074,2,29,voice,incoming,17.027861706028165,108.9793883654776
2022-02-08 15:25:44,-89.57279273963661,19.010286656843512,920.8834010653934,home,8.705630759360304,3.670175282211555,8,43,voice,outgoing,22.003124885231134,96.93605654757806
2022-02-09 18:29:26,-75.01889556060458,28.763111696961463,1783.1611935125295,suburban,7.576994141288741,6.60240831670291,7,69,voice,incoming,25.026218498590914,98.06149220032007
2022-02-10 12:40:37,-99.4734083618668,13.84059678087336,463.4075062030672,urban,7.287092593882121,4.688582695014318,8,86,voice,incoming,25.23490296882371,101.42932695362452
2022-02-11 18:04:42,-85.17132688644969,23.1313937540888,1535.9585328127694,urban,13.05801084444394,9.01531365959319,8,66,voice,incoming,22.74967264260378,101.67228394993512
2022-02-12 19:57:29,-71.25672025404609,20.672314071665006,388.20612110539554,home,1.1396310498756557,7.455336867939588,5,17,data,incoming,28.114249661737492,103.29272136336415
2022-02-13 18:17:57,-99.50530176088093,29.01215880345709,1541.9134187722905,home,2.9532493961972617,9.727757377894935,3,71,data,incoming,19.661897853087027,110.05102269383175
2022-02-14 16:30:02,-94.30433253814536,21.022139286695094,1402.1977644931217,urban,10.548853558741667,7.450210074851692,8,34,data,outgoing,24.288102574893532,99.11526386252976
2022-02-15 17:02:18,-100.6655244710712,21.98950284883157,1738.538212122038,suburban,3.824417161651208,1.1645331894153232,9,89,data,outgoing,25.601478158559495,96.00851377730773
2022-02-16 11:03:00,-68.34534898206041,11.954165495957913,435.7242002530253,suburban,7.760776026893581,3.308288369276533,9,73,data,outgoing,27.572194170293745,93.10340385992737
2022-02-17 19:26:17,-95.1325372230828,15.67171660780846,1511.5664122244548,urban,10.11721001392003,1.5143815864408905,3,70,voice,outgoing,28.55807439044445,96.3453498002904
2022-02-18 14:27:53,-84.95622965394955,29.566359386937016,1396.9513028798524,suburban,7.766807317390897,6.063202646306576,9,74,data,incoming,19.376789540810655,99.83436513563102
2022-02-19 09:50:51,-82.55202458380538,23.02090863332156,438.22343584266895,home,3.322724551299505,1.0977960959341704,8,60,data,incoming,17.32942914632189,108.97278931758893
2022-02-20 14:30:53,-106.13314296407115,24.106440376040112,1677.3590072467673,urban,9.640625318934788,6.426955339987463,5,62,voice,incoming,31.388384109492545,97.41194350481915
2022-02-21 14:28:27,-79.72971739835619,26.4363936406966,670.2612343528599,urban,12.305070923769923,9.25744610996506,6,69,data,outgoing,26.661570059897958,101.11893975819449
2022-02-22 20:09:16,-99.26301992870232,12.737142362228877,742.5361191381244,suburban,6.04958137919481,4.840912474010236,10,7,data,outgoing,21.25756731721723,99.91788551963624
2022-02-23 11:12:39,-98.0000585721896,27.620506793114345,1050.1787674906468,open,0.516997954897418,3.0617486172839614,1,53,data,outgoing,32.75575987761262,105.94196636724043
2022-02-24 10:16:10,-65.14490306065466,14.125015324280673,250.3796652629661,open,3.671088206801723,0.9906080620490454,8,64,voice,outgoing,25.578373171464293,112.63466212936811
2022-02-25 12:33:08,-98.78274410601064,21.070702715056875,517.6621101454218,open,0.1276142892275172,3.434323120502984,9,78,data,outgoing,30.896485920319133,97.3456561353984
2022-02-26 13:39:55,-73.82292015534489,17.39204840502655,366.94975945240327,suburban,5.926648486805253,4.577006008050747,4,47,data,incoming,25.337592407050543,97.5528027874089
2022-02-27 12:53:57,-92.10159651124698,10.538339564996663,139.6732894343954,home,7.46030019325563,6.639247130941724,9,90,voice,incoming,35.303739624409936,105.22080438534536
2022-02-28 16:26:15,-50.122221876305645,27.51151333012193,1499.0904035653173,open,3.631266172720794,6.879863793216407,10,57,voice,outgoing,33.77670421221602,103.40945744813156
2022-02-29 12:08:52,-64.92322840097725,21.67490407397013,1392.0234103219298,home,3.15404847353403,8.316067162043023,2,58,voice,incoming,23.75517925760463,109.23353662868017
2022-03-01 16:00:24,-94.94876368632758,17.026501965172287,1330.7328253128544,suburban,4.272765555784238,6.132406355423729,4,52,voice,incoming,29.85785475477178,102.91964092662982
2022-03-02 22:02:40,-82.37403011156086,17.43435245521326,858.515621396124,urban,9.16380768671177,1.4646178254951403,7,39,voice,outgoing,28.226879747925736,98.2035395460647
2022-03-03 16:47:31,-93.25908440407896,19.424453079118145,1265.52633613106,urban,8.011576046707788,0.3252926013719626,6,11,voice,incoming,31.843157787661745,102.95327415346155
2022-03-04 12:33:48,-93.42433129005256,28.83482858933176,1783.4587094393337,home,2.9122847888057457,8.175105353153848,5,34,data,outgoing,20.17538269709948,105.54351790291454
2022-03-05 20:08:43,-109.73155464644404,13.171237241182022,1715.746913735577,open,2.832954340369697,6.061145220253779,8,38,data,outgoing,28.430257299992196,104.10241090598682
2022-03-06 12:42:30,-75.59226620730448,19.8863493402904,1018.3642118663244,suburban,2.0466214210014586,8.657198988611706,7,36,voice,incoming,30.29212243424794,102.53637015553649
2022-03-07 23:37:05,-113.36176206448998,14.384146008357138,39.37634182075227,open,4.234296449398581,4.591316129637115,6,74,voice,outgoing,16.20630256788443,105.33337344794577
2022-03-08 13:09:40,-113.53704878592195,14.82186837025722,1780.4113687195618,open,2.213747616201165,1.065880812395115,4,28,voice,incoming,19.083707436671126,105.84647795222837
2022-03-09 12:10:43,-84.61549224955168,24.774848365968992,28.598356520572764,home,1.691115865649382,5.756236395560576,2,55,voice,outgoing,14.803839111199498,106.91079495518764
2022-03-10 15:50:13,-74.16296895834041,26.945952641926475,434.1365745065729,home,8.262390966390562,0.3641436172587253,9,87,voice,outgoing,23.652965827777212,103.24354943794822
2022-03-11 18:16:59,-109.0684748914714,19.096178474484965,1596.9750703631605,urban,5.563700960424194,9.077619985580398,4,93,data,incoming,28.58771127897981,99.16440959841573
2022-03-12 11:32:07,-105.82965264271502,19.120323535267595,975.1843083052444,urban,12.93233924081314,0.7867728147437847,6,34,data,outgoing,32.51178526048014,100.73356843216662
2022-03-13 18:29:27,-91.0503485531978,16.29464433930299,113.13300025219222,suburban,3.8620185817848247,4.305262828376373,2,21,voice,incoming,25.370473902098876,106.03254483254179
2022-03-14 12:30:54,-95.4682395475222,28.476528061184705,66.52768082899357,urban,9.49189392062728,7.581600711491927,8,31,data,incoming,33.14307772785646,95.91532164506381
2022-03-15 15:51:09,-88.40640273834173,10.451326070965123,95.45819598609002,home,9.86089970612714,0.8474551199013691,9,30,voice,incoming,18.099492708925542,101.8433665443645
2022-03-16 18:51:03,-76.48394347946521,22.936919331653947,213.49345053051903,suburban,4.904079851566303,2.842783113825589,5,82,voice,incoming,16.483087803224226,98.0333059383632
2022-03-17 16:11:21,-81.02358401708912,11.675824200215192,1790.052360519216,urban,6.8169009225070045,0.8899527088705617,1,50,voice,outgoing,24.722261505516904,100.14372411467409
2022-03-18 14:50:14,-77.16697108123137,16.121289927545362,767.877842716464,urban,10.491068367607484,1.87467568797131,7,66,data,outgoing,26.920327244696537,106.39225931303649
2022-03-19 20:38:24,-99.89115638476224,26.94066479469904,165.87339420511768,open,4.12999983665903,8.408161335612297,6,43,voice,outgoing,24.836526259529535,100.95549534009952
2022-03-20 22:21:51,-85.35827247402271,24.736959042971684,1099.3017397381248,open,4.03392975384704,1.317251780316793,7,93,voice,outgoing,14.662789499800617,100.23218274078074
2022-03-21 21:56:39,-92.07768434913557,17.852208809958373,1339.0966755801476,urban,12.46576932304265,6.465281203716441,2,80,data,incoming,24.55439980243606,93.2007192951004
2022-03-22 17:15:06,-69.2345098974701,23.10319729790413,1136.7696651246897,home,7.569116568710021,0.90979154526609,5,63,voice,outgoing,18.477652497475734,103.7312678301361
2022-03-23 12:45:23,-92.91190834216444,22.90357036864428,408.6918716227058,open,4.758147186034672,7.39352934506112,3,29,data,outgoing,28.348362744150194,103.22742090570537
2022-03-24 16:54:49,-83.75978377454125,28.33644410512648,539.0981653204361,urban,8.51105978224351,1.606197091580266,7,63,data,incoming,26.83299123048424,110.8162736165273
2022-03-25 16:05:35,-108.6480942253674,28.38281649012485,105.29655331382212,urban,11.577305066578742,0.8874657454299517,10,19,voice,incoming,20.300601068363225,98.461108825235
2022-03-26 15:55:05,-77.80726755344128,19.900446710278544,687.7369958427088,urban,5.540936647574393,6.079966380069209,4,88,data,outgoing,22.430665413316532,101.0957516383197
2022-03-27 12:31:53,-58.1627713466998,15.737979183464375,1111.9560107942557,open,4.949703908605523,5.39320242963504,2,30,data,outgoing,19.70393239055524,101.24691841855378
2022-03-28 19:23:20,-97.18403675948178,17.0224164915178,1745.8727558990174,urban,12.5950248550593,5.0911488095881925,8,12,voice,incoming,24.68660451363414,107.88726639881737
2022-03-29 21:46:10,-85.54132546541771,18.81365147026959,1433.1802254739966,suburban,7.325439250346633,3.3742043600650384,1,15,voice,incoming,29.775711602506192,99.52352233806523
2022-03-30 09:56:22,-89.34266834296486,25.17871438561538,281.9946854594203,suburban,4.721515812458529,6.877614614328609,4,19,voice,incoming,20.07136976832228,101.39510762885169
2022-03-31 14:47:16,-104.28754144428623,11.020337220083473,700.7760937303377,open,1.8506672622685485,2.8903166929022808,2,66,voice,outgoing,27.520232577589223,103.0394825485827
2022-04-01 15:25:48,-79.76310147425434,14.893184929477323,141.67494067742302,home,4.190124241172272,8.69792131001134,8,85,data,incoming,22.348711908137794,100.9330456157818
2022-04-02 20:23:52,-94.19996010622164,29.32592317233402,1283.4909737593173,home,0.3280771568390317,7.514246025062826,8,100,voice,incoming,21.03563583868828,97.76783192724736
2022-04-03 19:27:18,-72.8926545892375,13.170353401325071,1179.0443606879337,home,4.508209706363634,5.558156930670642,7,30,voice,incoming,24.464848200227213,100.97044996449154
2022-04-04 19:06:51,-66.97282181291851,15.583088305756942,906.143211312328,home,2.173046928418846,2.632066321059873,6,3,data,incoming,19.82378838790313,105.36815874929886
2022-04-05 10:16:11,-77.60613955073707,26.51915026648266,327.55118328389744,suburban,4.005920481159008,8.101745745475652,9,27,data,outgoing,22.23175347326409,94.8674235029447
2022-04-06 14:43:53,-110.54872786377628,15.14763547796537,1503.636458723273,open,2.65219869858026,7.719386102042379,5,31,voice,outgoing,19.010610537055758,100.66484837073438
2022-04-07 17:08:49,-108.25456323350502,20.451653978182165,1761.5840608443032,open,2.071428048493292,2.492434900911406,10,47,data,incoming,34.82362566458195,96.49939592530413
2022-04-08 16:01:41,-99.2183861093902,12.254734282731777,355.3015505129631,open,3.3784503754310653,9.268362265402908,3,20,voice,outgoing,25.176317759858645,105.97523314462421
2022-04-09 22:47:01,-65.12440259471357,25.20265610300961,145.28036656481322,open,4.730200317563028,7.544520298543999,9,91,voice,incoming,21.50137246003707,92.38406547608113
